,user_id,Trivial_Name,Observed m_z,Observed Retention time,Observed CCS,Adducts,Isomeric_Smiles,Canonical_Smiles
7,8,Ginsenoside Rb1,1153.5993,22.6,351.07,[M−H+HCOOH]−,CC1(C)[C@@H](O[C@H]2[C@H](O[C@H]3[C@H](O)[C@@H](O)[C@H](O)[C@@H](CO)O3)[C@@H](O)[C@H](O)[C@@H](CO)O2)CC[C@@]4(C)C1CC[C@]5(C)C4C[C@@H](O)C6[C@@]5(C)CCC6[C@@](C)(O[C@H]7[C@H](O)[C@@H](O)[C@H](O)[C@@H](CO[C@@H]8[C@@H](O)[C@H](O)[C@@H](O)[C@H](CO)O8)O7)CC/C=C(C)/C,CC(C)=CCCC(C)(OC1OC(COC2OC(CO)C(O)C(O)C2O)C(O)C(O)C1O)C1CCC2(C)C1C(O)CC1C3(C)CCC(OC4OC(CO)C(O)C(O)C4OC4OC(CO)C(O)C(O)C4O)C(C)(C)C3CCC12C
8,9,Ginsenoside Rb2,1123.5907,28.03,355.36,[M−H+HCOOH]−,CC1(C)[C@@H](O[C@H]2[C@H](O[C@H]3[C@H](O)[C@@H](O)[C@H](O)[C@@H](CO)O3)[C@@H](O)[C@H](O)[C@@H](CO)O2)CC[C@@]4(C)C1CC[C@]5(C)C4C[C@@H](O)C6[C@@]5(C)CCC6[C@@](C)(O[C@H]7[C@H](O)[C@@H](O)[C@H](O)[C@@H](CO[C@@H]8[C@@H](O)[C@H](O)[C@H](O)CO8)O7)CC/C=C(C)/C,CC(C)=CCCC(C)(OC1OC(COC2OCC(O)C(O)C2O)C(O)C(O)C1O)C1CCC2(C)C1C(O)CC1C3(C)CCC(OC4OC(CO)C(O)C(O)C4OC4OC(CO)C(O)C(O)C4O)C(C)(C)C3CCC12C
9,10,Ginsenoside Rc,1123.5896,24.91,344.71,[M−H+HCOOH]−,CC1(C)[C@@H](O[C@H]2[C@H](O[C@H]3[C@H](O)[C@@H](O)[C@H](O)[C@@H](CO)O3)[C@@H](O)[C@H](O)[C@@H](CO)O2)CC[C@@]4(C)C1CC[C@]5(C)C4C[C@@H](O)C6[C@@]5(C)CCC6[C@@](C)(O[C@H]7[C@H](O)[C@@H](O)[C@H](O)[C@@H](CO[C@H]8[C@H](O)[C@@H](O)[C@H](CO)O8)O7)CC/C=C(C)/C,CC(C)=CCCC(C)(OC1OC(COC2OC(CO)C(O)C2O)C(O)C(O)C1O)C1CCC2(C)C1C(O)CC1C3(C)CCC(OC4OC(CO)C(O)C(O)C4OC4OC(CO)C(O)C(O)C4O)C(C)(C)C3CCC12C
10,11,Ginsenoside Rd,991.5473,36.47,329.46,[M−H+HCOOH]−,CC1(C)[C@@H](O[C@H]2[C@H](O[C@H]3[C@H](O)[C@@H](O)[C@H](O)[C@@H](CO)O3)[C@@H](O)[C@H](O)[C@@H](CO)O2)CC[C@@]4(C)C1CC[C@]5(C)C4C[C@@H](O)C6[C@@]5(C)CCC6[C@@](C)(O[C@H]7[C@H](O)[C@@H](O)[C@H](O)[C@@H](CO)O7)CC/C=C(C)/C,CC(C)=CCCC(C)(OC1OC(CO)C(O)C(O)C1O)C1CCC2(C)C1C(O)CC1C3(C)CCC(OC4OC(CO)C(O)C(O)C4OC4OC(CO)C(O)C(O)C4O)C(C)(C)C3CCC12C
11,12,malonylginsenoside Rb1,1193.5951,25.33,347.4,[M−H]−,CC1(C)[C@@H](O[C@H]2[C@H](O[C@H]3[C@H](O)[C@@H](O)[C@H](O)[C@@H](COC(CC(O)=O)=O)O3)[C@@H](O)[C@H](O)[C@@H](CO)O2)CC[C@@]4(C)C1CC[C@]5(C)C4C[C@@H](O)C6[C@@]5(C)CCC6[C@@](C)(O[C@H]7[C@H](O)[C@@H](O)[C@H](O)[C@@H](CO[C@@H]8[C@@H](O)[C@H](O)[C@@H](O)[C@H](CO)O8)O7)CC/C=C(C)/C,CC(C)=CCCC(C)(OC1OC(COC2OC(CO)C(O)C(O)C2O)C(O)C(O)C1O)C1CCC2(C)C1C(O)CC1C3(C)CCC(OC4OC(CO)C(O)C(O)C4OC4OC(COC(=O)CC(=O)O)C(O)C(O)C4O)C(C)(C)C3CCC12C
12,13,malonylginsenoside Rb2,1163.5847,32.73,353.97,[M−H]−,CC1(C)[C@@H](O[C@H]2[C@H](O[C@H]3[C@H](O)[C@@H](O)[C@H](O)[C@@H](COC(CC(O)=O)=O)O3)[C@@H](O)[C@H](O)[C@@H](CO)O2)CC[C@@]4(C)C1CC[C@]5(C)C4C[C@@H](O)C6[C@@]5(C)CCC6[C@@](C)(O[C@H]7[C@H](O)[C@@H](O)[C@H](O)[C@@H](CO[C@@H]8[C@@H](O)[C@H](O)[C@H](O)CO8)O7)CC/C=C(C)/C,CC(C)=CCCC(C)(OC1OC(COC2OCC(O)C(O)C2O)C(O)C(O)C1O)C1CCC2(C)C1C(O)CC1C3(C)CCC(OC4OC(CO)C(O)C(O)C4OC4OC(COC(=O)CC(=O)O)C(O)C(O)C4O)C(C)(C)C3CCC12C
13,14,malonylginsenoside Rc,1163.5844,28.64,344.01,[M−H]−,CC1(C)[C@@H](O[C@H]2[C@H](O[C@H]3[C@H](O)[C@@H](O)[C@H](O)[C@@H](COC(CC(O)=O)=O)O3)[C@@H](O)[C@H](O)[C@@H](CO)O2)CC[C@@]4(C)C1CC[C@]5(C)C4C[C@@H](O)C6[C@@]5(C)CCC6[C@@](C)(O[C@H]7[C@H](O)[C@@H](O)[C@H](O)[C@@H](CO[C@H]8[C@H](O)[C@@H](O)[C@H](CO)O8)O7)CC/C=C(C)/C,CC(C)=CCCC(C)(OC1OC(COC2OC(CO)C(O)C2O)C(O)C(O)C1O)C1CCC2(C)C1C(O)CC1C3(C)CCC(OC4OC(CO)C(O)C(O)C4OC4OC(COC(=O)CC(=O)O)C(O)C(O)C4O)C(C)(C)C3CCC12C
16,17,malonylnotoginsenoside R4,1325.6394,23.89,372.78,[M−H]−,CC1(C)[C@@H](O[C@H]2[C@H](O[C@H]3[C@H](O)[C@@H](O)[C@H](O)[C@@H](COC(CC(O)=O)=O)O3)[C@@H](O)[C@H](O)[C@@H](CO)O2)CC[C@@]4(C)C1CC[C@]5(C)C4C[C@@H](O)C6[C@@]5(C)CCC6[C@@](C)(O[C@H]7[C@H](O)[C@@H](O)[C@H](O)[C@@H](CO[C@@H]8[C@@H](O)[C@H](O)[C@@H](O)[C@H](CO[C@@H]9[C@@H](O)[C@H](O)[C@@H](O)CO9)O8)O7)CC/C=C(C)/C,CC(C)=CCCC(C)(OC1OC(COC2OC(COC3OCC(O)C(O)C3O)C(O)C(O)C2O)C(O)C(O)C1O)C1CCC2(C)C1C(O)CC1C3(C)CCC(OC4OC(CO)C(O)C(O)C4OC4OC(COC(=O)CC(=O)O)C(O)C(O)C4O)C(C)(C)C3CCC12C
19,20,Ginsenoside Ra6,1221.6253,44.34,360.72,[M−H+HCOOH]−,CC1(C)[C@@H](O[C@H]2[C@H](O[C@H]3[C@H](O)[C@@H](O)[C@H](O)[C@@H](COC(/C([H])=C([H])/C)=O)O3)[C@@H](O)[C@H](O)[C@@H](CO)O2)CC[C@@]4(C)C1CC[C@]5(C)C4C[C@@H](O)C6[C@@]5(C)CCC6[C@@](C)(O[C@H]7[C@H](O)[C@@H](O)[C@H](O)[C@@H](CO[C@@H]8[C@@H](O)[C@H](O)[C@@H](O)[C@H](CO)O8)O7)CC/C=C(C)/C,CC=CC(=O)OCC1OC(OC2C(OC3CCC4(C)C(CCC5(C)C4CC(O)C4C(C(C)(CCC=C(C)C)OC6OC(COC7OC(CO)C(O)C(O)C7O)C(O)C(O)C6O)CCC45C)C3(C)C)OC(CO)C(O)C2O)C(O)C(O)C1O
20,21,Ginsenoside Ra7,1191.6159,45.37,357.91,[M−H+HCOOH]−,CC1(C)[C@@H](O[C@H]2[C@H](O[C@H]3[C@H](O)[C@@H](O)[C@H](O)[C@@H](COC(/C([H])=C([H])/C)=O)O3)[C@@H](O)[C@H](O)[C@@H](CO)O2)CC[C@@]4(C)C1CC[C@]5(C)C4C[C@@H](O)C6[C@@]5(C)CCC6[C@@](C)(O[C@H]7[C@H](O)[C@@H](O)[C@H](O)[C@@H](CO[C@@H]8[C@@H](O)[C@H](O)[C@H](O)CO8)O7)CC/C=C(C)/C,CC=CC(=O)OCC1OC(OC2C(OC3CCC4(C)C(CCC5(C)C4CC(O)C4C(C(C)(CCC=C(C)C)OC6OC(COC7OCC(O)C(O)C7O)C(O)C(O)C6O)CCC45C)C3(C)C)OC(CO)C(O)C2O)C(O)C(O)C1O
21,22,Ginsenoside Ra8,1191.6165,46.14,365.54,[M−H+HCOOH]−,CC1(C)[C@@H](O[C@H]2[C@H](O[C@H]3[C@H](O)[C@@H](O)[C@H](OC(/C([H])=C([H])/C)=O)[C@@H](CO)O3)[C@@H](O)[C@H](O)[C@@H](CO)O2)CC[C@@]4(C)C1CC[C@]5(C)C4C[C@@H](O)C6[C@@]5(C)CCC6[C@@](C)(O[C@H]7[C@H](O)[C@@H](O)[C@H](O)[C@@H](CO[C@H]8[C@H](O)[C@@H](O)[C@H](CO)O8)O7)CC/C=C(C)/C,CC=CC(=O)OC1C(CO)OC(OC2C(OC3CCC4(C)C(CCC5(C)C4CC(O)C4C(C(C)(CCC=C(C)C)OC6OC(COC7OC(CO)C(O)C7O)C(O)C(O)C6O)CCC45C)C3(C)C)OC(CO)C(O)C2O)C(O)C1O
22,23,Ginsenoside Ra9,1191.6165,46.14,365.54,[M−H+HCOOH]−,CC1(C)[C@@H](O[C@H]2[C@H](O[C@H]3[C@H](O)[C@@H](O)[C@H](O)[C@@H](COC(/C([H])=C([H])/C)=O)O3)[C@@H](O)[C@H](O)[C@@H](CO)O2)CC[C@@]4(C)C1CC[C@]5(C)C4C[C@@H](O)C6[C@@]5(C)CCC6[C@@](C)(O[C@H]7[C@H](O)[C@@H](O)[C@H](O)[C@@H](CO[C@H]8[C@H](O)[C@@H](O)[C@H](CO)O8)O7)CC/C=C(C)/C,CC=CC(=O)OCC1OC(OC2C(OC3CCC4(C)C(CCC5(C)C4CC(O)C4C(C(C)(CCC=C(C)C)OC6OC(COC7OC(CO)C(O)C7O)C(O)C(O)C6O)CCC45C)C3(C)C)OC(CO)C(O)C2O)C(O)C(O)C1O
24,25,Ginsenoside Rs2,1165.6014,39.89,351.29,[M−H+HCOOH]−,CC1(C)[C@@H](O[C@H]2[C@H](O[C@H]3[C@H](O)[C@@H](O)[C@H](O)[C@@H](COC(C)=O)O3)[C@@H](O)[C@H](O)[C@@H](CO)O2)CC[C@@]4(C)C1CC[C@]5(C)C4C[C@@H](O)C6[C@@]5(C)CCC6[C@@](C)(O[C@H]7[C@H](O)[C@@H](O)[C@H](O)[C@@H](CO[C@H]8[C@H](O)[C@@H](O)[C@H](CO)O8)O7)CC/C=C(C)/C,CC(=O)OCC1OC(OC2C(OC3CCC4(C)C(CCC5(C)C4CC(O)C4C(C(C)(CCC=C(C)C)OC6OC(COC7OC(CO)C(O)C7O)C(O)C(O)C6O)CCC45C)C3(C)C)OC(CO)C(O)C2O)C(O)C(O)C1O
25,26,ginsenoside Rs3,825.5005,50.04,306.95,[M−H]−,CC1(C)[C@@H](O[C@H]2[C@H](O[C@H]3[C@H](O)[C@@H](O)[C@H](O)[C@@H](COC(C)=O)O3)[C@@H](O)[C@H](O)[C@@H](CO)O2)CC[C@@]4(C)C1CC[C@]5(C)C4C[C@@H](O)C6[C@@]5(C)CCC6[C@@](C)(O[H])CC/C=C(C)/C,CC(=O)OCC1OC(OC2C(OC3CCC4(C)C(CCC5(C)C4CC(O)C4C(C(C)(O)CCC=C(C)C)CCC45C)C3(C)C)OC(CO)C(O)C2O)C(O)C(O)C1O
26,27,20(R)-Ginsenoside Rg3,829.4962,49.69,302.17,[M−H+HCOOH]−,CC1(C)[C@@H](O[C@H]2[C@H](O[C@H]3[C@H](O)[C@@H](O)[C@H](O)[C@@H](CO)O3)[C@@H](O)[C@H](O)[C@@H](CO)O2)CC[C@@]4(C)C1CC[C@]5(C)C4C[C@@H](O)C6[C@@]5(C)CCC6[C@@](C)(O[H])CC/C=C(C)/C,CC(C)=CCCC(C)(O)C1CCC2(C)C1C(O)CC1C3(C)CCC(OC4OC(CO)C(O)C(O)C4OC4OC(CO)C(O)C(O)C4O)C(C)(C)C3CCC12C
30,31,Quinquenoside R1,1195.6108,33.52,356.82,[M−H+HCOOH]−,CC1(C)[C@@H](O[C@H]2[C@H](O[C@H]3[C@H](O)[C@@H](O)[C@H](O)[C@@H](COC(C)=O)O3)[C@@H](O)[C@H](O)[C@@H](CO)O2)CC[C@@]4(C)C1CC[C@]5(C)C4C[C@@H](O)C6[C@@]5(C)CCC6[C@@](C)(O[C@H]7[C@H](O)[C@@H](O)[C@H](O)[C@@H](CO[C@@H]8[C@@H](O)[C@H](O)[C@@H](O)[C@H](CO)O8)O7)CC/C=C(C)/C,CC(=O)OCC1OC(OC2C(OC3CCC4(C)C(CCC5(C)C4CC(O)C4C(C(C)(CCC=C(C)C)OC6OC(COC7OC(CO)C(O)C(O)C7O)C(O)C(O)C6O)CCC45C)C3(C)C)OC(CO)C(O)C2O)C(O)C(O)C1O
33,34,Ginsenoside Ra1,1209.6267,25.43,352.55,[M−H]−,CC1(C)[C@@H](O[C@H]2[C@H](O[C@H]3[C@H](O)[C@@H](O)[C@H](O)[C@@H](CO)O3)[C@@H](O)[C@H](O)[C@@H](CO)O2)CC[C@@]4(C)C1CC[C@]5(C)C4C[C@@H](O)C6[C@@]5(C)CCC6[C@@](C)(O[C@H]7[C@H](O)[C@@H](O)[C@H](O)[C@@H](CO[C@@H]8[C@@H](O)[C@H](O)[C@H](O[C@H]9[C@H](O)[C@@H](O)[C@H](O)CO9)CO8)O7)CC/C=C(C)/C,CC(C)=CCCC(C)(OC1OC(COC2OCC(OC3OCC(O)C(O)C3O)C(O)C2O)C(O)C(O)C1O)C1CCC2(C)C1C(O)CC1C3(C)CCC(OC4OC(CO)C(O)C(O)C4OC4OC(CO)C(O)C(O)C4O)C(C)(C)C3CCC12C
34,35,Ginsenoside Ra2,1255.6319,22.05,353.71,[M−H+HCOOH]−,CC1(C)[C@@H](O[C@H]2[C@H](O[C@H]3[C@H](O)[C@@H](O)[C@H](O)[C@@H](CO)O3)[C@@H](O)[C@H](O)[C@@H](CO)O2)CC[C@@]4(C)C1CC[C@]5(C)C4C[C@@H](O)C6[C@@]5(C)CCC6[C@@](C)(O[C@H]7[C@H](O)[C@@H](O)[C@H](O)[C@@H](CO[C@H]8[C@H](O[C@@H]9[C@@H](O)[C@H](O)[C@@H](O)CO9)[C@@H](O)[C@H](CO)O8)O7)CC/C=C(C)/C,CC(C)=CCCC(C)(OC1OC(COC2OC(CO)C(O)C2OC2OCC(O)C(O)C2O)C(O)C(O)C1O)C1CCC2(C)C1C(O)CC1C3(C)CCC(OC4OC(CO)C(O)C(O)C4OC4OC(CO)C(O)C(O)C4O)C(C)(C)C3CCC12C
35,36,Ginsenoside Ra3,1239.6332,22.54,362.16,[M−H]−,CC1(C)[C@@H](O[C@H]2[C@H](O[C@H]3[C@H](O)[C@@H](O)[C@H](O)[C@@H](CO)O3)[C@@H](O)[C@H](O)[C@@H](CO)O2)CC[C@@]4(C)C1CC[C@]5(C)C4C[C@@H](O)C6[C@@]5(C)CCC6[C@@](C)(O[C@H]7[C@H](O)[C@@H](O)[C@H](O)[C@@H](CO[C@@H]8[C@@H](O)[C@H](O[C@@H]9[C@@H](O)[C@H](O)[C@@H](O)CO9)[C@@H](O)[C@H](CO)O8)O7)CC/C=C(C)/C,CC(C)=CCCC(C)(OC1OC(COC2OC(CO)C(O)C(OC3OCC(O)C(O)C3O)C2O)C(O)C(O)C1O)C1CCC2(C)C1C(O)CC1C3(C)CCC(OC4OC(CO)C(O)C(O)C4OC4OC(CO)C(O)C(O)C4O)C(C)(C)C3CCC12C
36,37,Ginsenoside Rb3,1123.5895,29.53,351.98,[M−H+HCOOH]−,CC1(C)[C@@H](O[C@H]2[C@H](O[C@H]3[C@H](O)[C@@H](O)[C@H](O)[C@@H](CO)O3)[C@@H](O)[C@H](O)[C@@H](CO)O2)CC[C@@]4(C)C1CC[C@]5(C)C4C[C@@H](O)C6[C@@]5(C)CCC6[C@@](C)(O[C@H]7[C@H](O)[C@@H](O)[C@H](O)[C@@H](CO[C@H]8[C@H](O)[C@@H](O)[C@H](O)CO8)O7)CC/C=C(C)/C,CC(C)=CCCC(C)(OC1OC(COC2OCC(O)C(O)C2O)C(O)C(O)C1O)C1CCC2(C)C1C(O)CC1C3(C)CCC(OC4OC(CO)C(O)C(O)C4OC4OC(CO)C(O)C(O)C4O)C(C)(C)C3CCC12C
37,38,Ginsenoside F2,829.4942,47.89,306.69,[M−H+HCOOH]−,CC1(C)[C@@H](O[C@H]2[C@H](O)[C@@H](O)[C@H](O)[C@@H](CO)O2)CC[C@@]3(C)C1CC[C@]4(C)C3C[C@@H](O)C5[C@@]4(C)CCC5[C@@](C)(O[C@H]6[C@H](O)[C@@H](O)[C@H](O)[C@@H](CO)O6)CC/C=C(C)/C,CC(C)=CCCC(C)(OC1OC(CO)C(O)C(O)C1O)C1CCC2(C)C1C(O)CC1C3(C)CCC(OC4OC(CO)C(O)C(O)C4O)C(C)(C)C3CCC12C
41,42,Vinaginsenoside R18,961.5364,45.53,323.62,[M−H+HCOOH]−,CC1(C)[C@@H](O[C@H]2[C@H](O[C@H]3[C@H](O)[C@@H](O)[C@H](O)[C@@H](CO)O3)[C@@H](O)[C@H](O)[C@@H](CO)O2)CC[C@@]4(C)C1CC[C@]5(C)C4C[C@@H](O)C6[C@@]5(C)CCC6[C@@](C)(O[C@H]7[C@H](O)[C@@H](O)[C@H](O)CO7)CC/C=C(C)/C,CC(C)=CCCC(C)(OC1OCC(O)C(O)C1O)C1CCC2(C)C1C(O)CC1C3(C)CCC(OC4OC(CO)C(O)C(O)C4OC4OC(CO)C(O)C(O)C4O)C(C)(C)C3CCC12C
42,43,Gypenoside XIII,799.4839,50.83,300.45,[M−H+HCOOH]−,CC1(C)[C@@H](O[H])CC[C@@]2(C)C1CC[C@]3(C)C2C[C@@H](O)C4[C@@]3(C)CCC4[C@@](C)(O[C@@H]5[C@@H](O)[C@H](O)[C@@H](O)[C@H](CO[C@@H]6[C@@H](O)[C@H](O)[C@@H](O)CO6)O5)CC/C=C(C)/C,CC(C)=CCCC(C)(OC1OC(COC2OCC(O)C(O)C2O)C(O)C(O)C1O)C1CCC2(C)C1C(O)CC1C3(C)CCC(O)C(C)(C)C3CCC12C
43,44,Gypenoside XVII,991.5464,43.68,322.07,[M−H+HCOOH]−,CC1(C)[C@@H](O[C@H]2[C@H](O)[C@@H](O)[C@H](O)[C@@H](CO)O2)CC[C@@]3(C)C1CC[C@]4(C)C3C[C@@H](O)C5[C@@]4(C)CCC5[C@@](C)(O[C@H]6[C@H](O)[C@@H](O)[C@H](O)[C@@H](CO[C@@H]7[C@@H](O)[C@H](O)[C@@H](O)[C@H](CO)O7)O6)CC/C=C(C)/C,CC(C)=CCCC(C)(OC1OC(COC2OC(CO)C(O)C(O)C2O)C(O)C(O)C1O)C1CCC2(C)C1C(O)CC1C3(C)CCC(OC4OC(CO)C(O)C(O)C4O)C(C)(C)C3CCC12C
44,45,Gypenoside XV,1093.5795,43.23,328.83,[M−H+HCOOH]−,CC1(C)[C@@H](O[C@@H]2[C@@H](O[C@@H]3[C@@H](O)[C@H](O)[C@@H](O)CO3)[C@H](O)[C@@H](O)[C@H](CO)O2)CC[C@@]4(C)C1CC[C@]5(C)C4C[C@@H](O)C6[C@@]5(C)CCC6[C@@](C)(O[C@@H]7[C@@H](O)[C@H](O)[C@@H](O)[C@H](CO[C@@H]8[C@@H](O)[C@H](O)[C@@H](O)CO8)O7)CC/C=C(C)/C,CC(C)=CCCC(C)(OC1OC(COC2OCC(O)C(O)C2O)C(O)C(O)C1O)C1CCC2(C)C1C(O)CC1C3(C)CCC(OC4OC(CO)C(O)C(O)C4OC4OCC(O)C(O)C4O)C(C)(C)C3CCC12C
47,48,Notoginsenoside D,1371.6779,17.81,388.73,[M−H]−,CC1(C)[C@@H](O[C@H]2[C@H](O[C@H]3[C@H](O[C@@H]4[C@@H](O)[C@H](O)[C@@H](O)CO4)[C@@H](O)[C@H](O)[C@@H](CO)O3)[C@@H](O)[C@H](O)[C@@H](CO)O2)CC[C@@]5(C)C1CC[C@]6(C)C5C[C@@H](O)C7[C@@]6(C)CCC7[C@@](C)(O[C@H]8[C@H](O)[C@@H](O)[C@H](O)[C@@H](CO[C@@H]9[C@@H](O)[C@H](O)[C@@H](O)[C@H](CO[C@@H]%10[C@@H](O)[C@H](O)[C@@H](O)CO%10)O9)O8)CC/C=C(C)/C,CC(C)=CCCC(C)(OC1OC(COC2OC(COC3OCC(O)C(O)C3O)C(O)C(O)C2O)C(O)C(O)C1O)C1CCC2(C)C1C(O)CC1C3(C)CCC(OC4OC(CO)C(O)C(O)C4OC4OC(CO)C(O)C(O)C4OC4OCC(O)C(O)C4O)C(C)(C)C3CCC12C
51,52,Notoginsenoside R4,1285.6451,19.09,365.47,[M−H+HCOOH]−,CC1(C)[C@@H](O[C@H]2[C@H](O[C@H]3[C@H](O)[C@@H](O)[C@H](O)[C@@H](CO)O3)[C@@H](O)[C@H](O)[C@@H](CO)O2)CC[C@@]4(C)C1CC[C@]5(C)C4C[C@@H](O)C6[C@@]5(C)CCC6[C@@](C)(O[C@H]7[C@H](O)[C@@H](O)[C@H](O)[C@@H](CO[C@@H]8[C@@H](O)[C@H](O)[C@@H](O)[C@H](CO[C@@H]9[C@@H](O)[C@H](O)[C@@H](O)CO9)O8)O7)CC/C=C(C)/C,CC(C)=CCCC(C)(OC1OC(COC2OC(COC3OCC(O)C(O)C3O)C(O)C(O)C2O)C(O)C(O)C1O)C1CCC2(C)C1C(O)CC1C3(C)CCC(OC4OC(CO)C(O)C(O)C4OC4OC(CO)C(O)C(O)C4O)C(C)(C)C3CCC12C
53,54,Notoginsenoside T,1417.6842,20.67,381.08,[M−H+HCOOH]−,CC1(C)[C@@H](O[C@H]2[C@H](O[C@H]3[C@H](O[C@@H]4[C@@H](O)[C@H](O)[C@@H](O)CO4)[C@@H](O)[C@H](O)[C@@H](CO)O3)[C@@H](O)[C@H](O)[C@@H](CO)O2)CC[C@@]5(C)C1CC[C@]6(C)C5C[C@@H](O)C7[C@@]6(C)CCC7[C@@](C)(O[C@H]8[C@H](O)[C@@H](O)[C@H](O)[C@@H](CO[C@@H]9[C@@H](O)[C@H](O[C@@H]%10[C@@H](O)[C@H](O)[C@@H](O)CO%10)[C@@H](O)[C@H](CO)O9)O8)CC/C=C(C)/C,CC(C)=CCCC(C)(OC1OC(COC2OC(CO)C(O)C(OC3OCC(O)C(O)C3O)C2O)C(O)C(O)C1O)C1CCC2(C)C1C(O)CC1C3(C)CCC(OC4OC(CO)C(O)C(O)C4OC4OC(CO)C(O)C(O)C4OC4OCC(O)C(O)C4O)C(C)(C)C3CCC12C
54,55,Notoginsenoside Fa,1239.6361,20.46,367.09,[M−H+HCOOH]−,CC1(C)[C@@H](O[C@H]2[C@H](O[C@H]3[C@H](O[C@@H]4[C@@H](O)[C@H](O)[C@@H](O)CO4)[C@@H](O)[C@H](O)[C@@H](CO)O3)[C@@H](O)[C@H](O)[C@@H](CO)O2)CC[C@@]5(C)C1CC[C@]6(C)C5C[C@@H](O)C7[C@@]6(C)CCC7[C@@](C)(O[C@H]8[C@H](O)[C@@H](O)[C@H](O)[C@@H](CO[C@@H]9[C@@H](O)[C@H](O)[C@@H](O)[C@H](CO)O9)O8)CC/C=C(C)/C,CC(C)=CCCC(C)(OC1OC(COC2OC(CO)C(O)C(O)C2O)C(O)C(O)C1O)C1CCC2(C)C1C(O)CC1C3(C)CCC(OC4OC(CO)C(O)C(O)C4OC4OC(CO)C(O)C(O)C4OC4OCC(O)C(O)C4O)C(C)(C)C3CCC12C
55,56,Notoginsenoside Fc,1255.6307,25.35,357.31,[M−H+HCOOH]−,CC1(C)[C@@H](O[C@H]2[C@H](O[C@H]3[C@H](O[C@@H]4[C@@H](O)[C@H](O)[C@@H](O)CO4)[C@@H](O)[C@H](O)[C@@H](CO)O3)[C@@H](O)[C@H](O)[C@@H](CO)O2)CC[C@@]5(C)C1CC[C@]6(C)C5C[C@@H](O)C7[C@@]6(C)CCC7[C@@](C)(O[C@H]8[C@H](O)[C@@H](O)[C@H](O)[C@@H](CO[C@H]9[C@H](O)[C@@H](O)[C@H](O)CO9)O8)CC/C=C(C)/C,CC(C)=CCCC(C)(OC1OC(COC2OCC(O)C(O)C2O)C(O)C(O)C1O)C1CCC2(C)C1C(O)CC1C3(C)CCC(OC4OC(CO)C(O)C(O)C4OC4OC(CO)C(O)C(O)C4OC4OCC(O)C(O)C4O)C(C)(C)C3CCC12C
56,57,Notoginsenoside Fe,961.5363,45.1,323.47,[M−H+HCOOH]−,CC1(C)[C@@H](O[C@H]2[C@H](O)[C@@H](O)[C@H](O)[C@@H](CO)O2)CC[C@@]3(C)C1CC[C@]4(C)C3C[C@@H](O)C5[C@@]4(C)CCC5[C@@](C)(O[C@H]6[C@H](O)[C@@H](O)[C@H](O)[C@@H](CO[C@H]7[C@H](O)[C@@H](O)[C@H](CO)O7)O6)CC/C=C(C)/C,CC(C)=CCCC(C)(OC1OC(COC2OC(CO)C(O)C2O)C(O)C(O)C1O)C1CCC2(C)C1C(O)CC1C3(C)CCC(OC4OC(CO)C(O)C(O)C4O)C(C)(C)C3CCC12C
61,62,Notoginsenoside Ft1,961.5369,48.61,324.28,[M−H+HCOOH]−,CC1(C)[C@@H](O[C@H]2[C@H](O[C@H]3[C@H](O[C@@H]4[C@@H](O)[C@H](O)[C@@H](O)CO4)[C@@H](O)[C@H](O)[C@@H](CO)O3)[C@@H](O)[C@H](O)[C@@H](CO)O2)CC[C@@]5(C)C1CC[C@]6(C)C5C[C@@H](O)C7[C@@]6(C)CCC7[C@@](C)(O[H])CC/C=C(C)/C,CC(C)=CCCC(C)(O)C1CCC2(C)C1C(O)CC1C3(C)CCC(OC4OC(CO)C(O)C(O)C4OC4OC(CO)C(O)C(O)C4OC4OCC(O)C(O)C4O)C(C)(C)C3CCC12C
62,63,20(S)-Ginsenoside Rg3,829.4944,49.49,303.81,[M−H+HCOOH]−,CC1(C)[C@@H](O[C@H]2[C@H](O[C@H]3[C@H](O)[C@@H](O)[C@H](O)[C@@H](CO)O3)[C@@H](O)[C@H](O)[C@@H](CO)O2)CC[C@@]4(C)C1CC[C@]5(C)C4C[C@@H](O)C6[C@@]5(C)CCC6[C@@](C)(O[H])CC/C=C(C)/C,CC(C)=CCCC(C)(O)C1CCC2(C)C1C(O)CC1C3(C)CCC(OC4OC(CO)C(O)C(O)C4OC4OC(CO)C(O)C(O)C4O)C(C)(C)C3CCC12C
63,64,20(S)-Ginsenoside Rh2,667.4421,53.63,289.96,[M−H+HCOOH]−,CC1(C)[C@@H](O[C@H]2[C@H](O)[C@@H](O)[C@H](O)[C@@H](CO)O2)CC[C@@]3(C)C1CC[C@]4(C)C3C[C@@H](O)C5[C@@]4(C)CCC5[C@@](C)(O[H])CC/C=C(C)/C,CC(C)=CCCC(C)(O)C1CCC2(C)C1C(O)CC1C3(C)CCC(OC4OC(CO)C(O)C(O)C4O)C(C)(C)C3CCC12C
64,65,20(R)-Ginsenoside Rh2,667.4416,53.85,289.55,[M−H+HCOOH]−,CC1(C)[C@@H](O[C@H]2[C@H](O)[C@@H](O)[C@H](O)[C@@H](CO)O2)CC[C@@]3(C)C1CC[C@]4(C)C3C[C@@H](O)C5[C@@]4(C)CCC5[C@](C)(O[H])CC/C=C(C)/C,CC(C)=CCCC(C)(O)C1CCC2(C)C1C(O)CC1C3(C)CCC(OC4OC(CO)C(O)C(O)C4O)C(C)(C)C3CCC12C
68,69,malonylfloralginsenoside Rc1,1163.5847,34.76,347.38,[M−H]−,CC1(C)[C@@H](O[C@H]2[C@H](O[C@H]3[C@H](O)[C@@H](O)[C@H](O)[C@@H](COC(CC(O)=O)=O)O3)[C@@H](O)[C@H](O)[C@@H](CO)O2)CC[C@@]4(C)C1CC[C@]5(C)C4C[C@@H](O)C6[C@@]5(C)CCC6[C@@](CC/C=C(C)/C)(C)O[C@H]7[C@H](O)[C@@H](O)[C@H](O)[C@@H](CO[C@H]8[C@H](O)[C@@H](O)[C@H](O)CO8)O7,CC(C)=CCCC(C)(OC1OC(COC2OCC(O)C(O)C2O)C(O)C(O)C1O)C1CCC2(C)C1C(O)CC1C3(C)CCC(OC4OC(CO)C(O)C(O)C4OC4OC(COC(=O)CC(=O)O)C(O)C(O)C4O)C(C)(C)C3CCC12C
70,71,malonylfloralginsenoside Rc3,1163.5833,37.23,351.05,[M−H]−,CC1(C)[C@@H](O[C@H]2[C@H](O[C@H]3[C@H](O)[C@@H](OC(CC(O)=O)=O)[C@H](O)[C@@H](CO)O3)[C@@H](O)[C@H](O)[C@@H](CO)O2)CC[C@@]4(C)C1CC[C@]5(C)C4C[C@@H](O)C6[C@@]5(C)CCC6[C@@](CC/C=C(C)/C)(C)O[C@H]7[C@H](O)[C@@H](O)[C@H](O)[C@@H](CO[C@H]8[C@H](O)[C@@H](O)[C@@H](O)CO8)O7,CC(C)=CCCC(C)(OC1OC(COC2OCC(O)C(O)C2O)C(O)C(O)C1O)C1CCC2(C)C1C(O)CC1C3(C)CCC(OC4OC(CO)C(O)C(O)C4OC4OC(CO)C(O)C(OC(=O)CC(=O)O)C4O)C(C)(C)C3CCC12C
76,77,malonylfloralginsenoside Rd5,1031.5418,42.74,336.83,[M−H]−,CC1(C)[C@@H](O[C@H]2[C@H](O[C@H]3[C@H](O)[C@@H](O)[C@H](O)[C@@H](CO)O3)[C@@H](O)[C@H](O)[C@@H](CO)O2)CC[C@@]4(C)C1CC[C@]5(C)C4C[C@@H](O)C6[C@@]5(C)CCC6[C@@](CC/C=C(C)/C)(C)O[C@H]7[C@H](O)[C@@H](O)[C@H](O)[C@@H](COC(CC(O)=O)=O)O7,CC(C)=CCCC(C)(OC1OC(COC(=O)CC(=O)O)C(O)C(O)C1O)C1CCC2(C)C1C(O)CC1C3(C)CCC(OC4OC(CO)C(O)C(O)C4OC4OC(CO)C(O)C(O)C4O)C(C)(C)C3CCC12C
77,78,malonylfloralginsenoside Rd6,1117.5439,19.05,347.57,[M−H]−,CC1(C)[C@@H](O[C@H]2[C@H](O[C@H]3[C@H](O)[C@@H](O)[C@H](O)[C@@H](COC(CC(O)=O)=O)O3)[C@@H](O)[C@H](O)[C@@H](CO)O2)CC[C@@]4(C)C1CC[C@]5(C)C4C[C@@H](O)C6[C@@]5(C)CCC6[C@@](CC/C=C(C)/C)(C)O[C@H]7[C@H](O)[C@@H](O)[C@H](O)[C@@H](COC(CC(O)=O)=O)O7,CC(C)=CCCC(C)(OC1OC(COC(=O)CC(=O)O)C(O)C(O)C1O)C1CCC2(C)C1C(O)CC1C3(C)CCC(OC4OC(CO)C(O)C(O)C4OC4OC(COC(=O)CC(=O)O)C(O)C(O)C4O)C(C)(C)C3CCC12C
81,82,ginsenoside Rb5,1315.6541,17.73,370.73,[M−H+HCOOH]−,CC1(C)[C@@H](O[C@H]2[C@H](O[C@H]3[C@H](O)[C@@H](O)[C@H](O[C@H]4[C@H](O)[C@@H](O)[C@H](O[C@H]5[C@H](O)[C@@H](O)[C@H](O)[C@@H](CO)O5)[C@@H](CO)O4)[C@@H](CO)O3)[C@@H](O)[C@H](O)[C@@H](CO)O2)CC[C@@]6(C)C1CC[C@]7(C)C6C[C@@H](O)C8[C@@]7(C)CCC8[C@@](C)(O[C@H]9[C@H](O)[C@@H](O)[C@H](O)[C@@H](CO)O9)CC/C=C(C)/C,CC(C)=CCCC(C)(OC1OC(CO)C(O)C(O)C1O)C1CCC2(C)C1C(O)CC1C3(C)CCC(OC4OC(CO)C(O)C(O)C4OC4OC(CO)C(OC5OC(CO)C(OC6OC(CO)C(O)C(O)C6O)C(O)C5O)C(O)C4O)C(C)(C)C3CCC12C
87,88,Ginsenoside Rk1,811.4839,52.61,315.9,[M−H+HCOOH]−,CC1(C)[C@@H](O[C@H]2[C@H](O[C@H]3[C@H](O)[C@@H](O)[C@H](O)[C@@H](CO)O3)[C@@H](O)[C@H](O)[C@@H](CO)O2)CC[C@@]4(C)[C@@]1([H])CC[C@]5(C)[C@]4([H])C[C@@H](O)[C@]6([H])[C@@]5(C)CC[C@@H]6C(CC/C=C(C)/C)=C,C=C(CCC=C(C)C)C1CCC2(C)C1C(O)CC1C3(C)CCC(OC4OC(CO)C(O)C(O)C4OC4OC(CO)C(O)C(O)C4O)C(C)(C)C3CCC12C
88,89,Ginsenoside Rk2,649.4322,57.06,285.84,[M−H+HCOOH]−,CC1(C)[C@@H](O[C@H]2[C@H](O)[C@@H](O)[C@H](O)[C@@H](CO)O2)CC[C@@]3(C)[C@@]1([H])CC[C@]4(C)[C@]3([H])C[C@@H](O)[C@]5([H])[C@@]4(C)CC[C@@H]5C(CC/C=C(C)/C)=C,C=C(CCC=C(C)C)C1CCC2(C)C1C(O)CC1C3(C)CCC(OC4OC(CO)C(O)C(O)C4O)C(C)(C)C3CCC12C
89,90,Ginsenoside Rk3,665.4273,46.17,276.72,[M−H+HCOOH]−,O[C@H]1CC[C@@]2(C)[C@]([C@@H](O[C@@H]3[C@@H](O)[C@H](O)[C@@H](O)[C@H](CO)O3)C[C@]4(C)[C@]2([H])C[C@@H](O)[C@@]5([H])[C@@]4(C)CC[C@]5([H])C(CC/C=C(C)/C)=C)([H])C1(C)C,C=C(CCC=C(C)C)C1CCC2(C)C1C(O)CC1C3(C)CCC(O)C(C)(C)C3C(OC3OC(CO)C(O)C(O)C3O)CC12C
92,93,compound K,667.4434,52.93,271.25,[M−H+HCOOH]−,O[C@H]1CC[C@@]2(C)C(CC[C@]3(C)C2C[C@@H](O)C4[C@@]3(C)CCC4[C@](CC/C=C(C)/C)(O[C@H]5[C@H](O)[C@@H](O)[C@H](O)[C@@H](CO)O5)C)C1(C)C,CC(C)=CCCC(C)(OC1OC(CO)C(O)C(O)C1O)C1CCC2(C)C1C(O)CC1C3(C)CCC(O)C(C)(C)C3CCC12C
123,124,Vinaginsenoside R4,1007.5418,16.3,330.87,[M−H+HCOOH]−,CC1(C)[C@@H](O[C@H]2[C@H](O[C@H]3[C@H](O)[C@@H](O)[C@H](O)[C@@H](CO)O3)[C@@H](O)[C@H](O)[C@@H](CO)O2)CC[C@@]4(C)C1[C@@H](O[H])C[C@]5(C)C4C[C@@H](O)C6[C@@]5(C)CCC6[C@@](C)(O[C@H]7[C@H](O)[C@@H](O)[C@H](O)[C@@H](CO)O7)CC/C=C(C)/C,CC(C)=CCCC(C)(OC1OC(CO)C(O)C(O)C1O)C1CCC2(C)C1C(O)CC1C3(C)CCC(OC4OC(CO)C(O)C(O)C4OC4OC(CO)C(O)C(O)C4O)C(C)(C)C3C(O)CC12C
124,125,Ginsenoside Re,991.5479,10.51,326.06,[M−H+HCOOH]−,CC1(C)[C@@H](O[H])CC[C@@]2(C)C1[C@@H](O[C@H]3[C@H](O[C@H]4[C@H](O)[C@H](O)[C@@H](O)[C@H](C)O4)[C@@H](O)[C@H](O)[C@@H](CO)O3)C[C@]5(C)C2C[C@@H](O)C6[C@@]5(C)CCC6[C@@](C)(O[C@H]7[C@H](O)[C@@H](O)[C@H](O)[C@@H](CO)O7)CC/C=C(C)/C,CC(C)=CCCC(C)(OC1OC(CO)C(O)C(O)C1O)C1CCC2(C)C1C(O)CC1C3(C)CCC(O)C(C)(C)C3C(OC3OC(CO)C(O)C(O)C3OC3OC(C)C(O)C(O)C3O)CC12C
125,126,Ginsenoside Rf,799.4844,18.02,303.37,[M−H]−,CC1(C)[C@@H](O[H])CC[C@@]2(C)C1[C@@H](O[C@H]3[C@H](O[C@H]4[C@H](O)[C@@H](O)[C@H](O)[C@@H](CO)O4)[C@@H](O)[C@H](O)[C@@H](CO)O3)C[C@]5(C)C2C[C@@H](O)C6[C@@]5(C)CCC6[C@@](C)(O[H])CC/C=C(C)/C,CC(C)=CCCC(C)(O)C1CCC2(C)C1C(O)CC1C3(C)CCC(O)C(C)(C)C3C(OC3OC(CO)C(O)C(O)C3OC3OC(CO)C(O)C(O)C3O)CC12C
126,127,Ginsenoside Rg1,845.4896,10.21,296.6,[M−H+HCOOH]−,CC1(C)[C@@H](O[H])CC[C@@]2(C)C1[C@@H](O[C@H]3[C@H](O)[C@@H](O)[C@H](O)[C@@H](CO)O3)C[C@]4(C)C2C[C@@H](O)C5[C@@]4(C)CCC5[C@@](C)(O[C@H]6[C@H](O)[C@@H](O)[C@H](O)[C@@H](CO)O6)CC/C=C(C)/C,CC(C)=CCCC(C)(OC1OC(CO)C(O)C(O)C1O)C1CCC2(C)C1C(O)CC1C3(C)CCC(O)C(C)(C)C3C(OC3OC(CO)C(O)C(O)C3O)CC12C
127,128,Ginsenoside Rg2,829.4941,21.05,300.64,[M−H+HCOOH]−,CC1(C)[C@@H](O[H])CC[C@@]2(C)C1[C@@H](O[C@H]3[C@H](O[C@H]4[C@H](O)[C@H](O)[C@@H](O)[C@H](C)O4)[C@@H](O)[C@H](O)[C@@H](CO)O3)C[C@]5(C)C2C[C@@H](O)C6[C@@]5(C)CCC6[C@@](C)(O[H])CC/C=C(C)/C,CC(C)=CCCC(C)(O)C1CCC2(C)C1C(O)CC1C3(C)CCC(O)C(C)(C)C3C(OC3OC(CO)C(O)C(O)C3OC3OC(C)C(O)C(O)C3O)CC12C
129,130,Ginsenoside Rh1,683.4368,20.94,275.95,[M−H+HCOOH]−,CC1(C)[C@@H](O[H])CC[C@@]2(C)C1[C@@H](O[C@H]3[C@H](O)[C@@H](O)[C@H](O)[C@@H](CO)O3)C[C@]4(C)C2C[C@@H](O)C5[C@@]4(C)CCC5[C@@](C)(O[H])CC/C=C(C)/C,CC(C)=CCCC(C)(O)C1CCC2(C)C1C(O)CC1C3(C)CCC(O)C(C)(C)C3C(OC3OC(CO)C(O)C(O)C3O)CC12C
130,131,20(R)-Ginsenoside Rg2,829.4939,21.56,307.51,[M−H+HCOOH]−,CC1(C)[C@@H](O[H])CC[C@@]2(C)C1[C@@H](O[C@H]3[C@H](O[C@H]4[C@H](O)[C@H](O)[C@@H](O)[C@H](C)O4)[C@@H](O)[C@H](O)[C@@H](CO)O3)C[C@]5(C)C2C[C@@H](O)C6[C@@]5(C)CCC6[C@](C)(O[H])CC/C=C(C)/C,CC(C)=CCCC(C)(O)C1CCC2(C)C1C(O)CC1C3(C)CCC(O)C(C)(C)C3C(OC3OC(CO)C(O)C(O)C3OC3OC(C)C(O)C(O)C3O)CC12C
132,133,Notoginsenoside R1,977.5317,8.68,321.11,[M−H+HCOOH]−,CC1(C)[C@@H](O[H])CC[C@@]2(C)C1[C@@H](O[C@@H]3[C@@H](O[C@@H]4[C@@H](O)[C@H](O)[C@@H](O)CO4)[C@H](O)[C@@H](O)[C@H](CO)O3)C[C@]5(C)C2C[C@@H](O)C6[C@@]5(C)CCC6[C@@](C)(O[C@H]7[C@H](O)[C@@H](O)[C@H](O)[C@@H](CO)O7)CC/C=C(C)/C,CC(C)=CCCC(C)(OC1OC(CO)C(O)C(O)C1O)C1CCC2(C)C1C(O)CC1C3(C)CCC(O)C(C)(C)C3C(OC3OC(CO)C(O)C(O)C3OC3OCC(O)C(O)C3O)CC12C
133,134,Notoginsenoside R2,815.4784,19.42,300.59,[M−H+HCOOH]−,CC1(C)[C@@H](O[H])CC[C@@]2(C)C1[C@@H](O[C@@H]3[C@@H](O[C@@H]4[C@@H](O)[C@H](O)[C@@H](O)CO4)[C@H](O)[C@@H](O)[C@H](CO)O3)C[C@]5(C)C2C[C@@H](O)C6[C@@]5(C)CCC6[C@@](C)(O[H])CC/C=C(C)/C,CC(C)=CCCC(C)(O)C1CCC2(C)C1C(O)CC1C3(C)CCC(O)C(C)(C)C3C(OC3OC(CO)C(O)C(O)C3OC3OCC(O)C(O)C3O)CC12C
139,140,Ginsenoside F1,683.4374,26.53,271.63,[M−H+HCOOH]−,CC1(C)[C@@H](O[H])CC[C@@]2(C)C1[C@@H](O[H])C[C@]3(C)C2C[C@@H](O)C4[C@@]3(C)CCC4[C@@](C)(O[C@H]5[C@H](O)[C@@H](O)[C@H](O)[C@@H](CO)O5)CC/C=C(C)/C,CC(C)=CCCC(C)(OC1OC(CO)C(O)C(O)C1O)C1CCC2(C)C1C(O)CC1C3(C)CCC(O)C(C)(C)C3C(O)CC12C
140,141,Ginsenoside F3,815.479,21.29,300.57,[M−H+HCOOH]−,CC1(C)[C@@H](O[H])CC[C@@]2(C)C1[C@@H](O[H])C[C@]3(C)C2C[C@@H](O)C4[C@@]3(C)CCC4[C@@](C)(O[C@H]5[C@H](O)[C@@H](O)[C@H](O)[C@@H](CO[C@@H]6[C@@H](O)[C@H](O)[C@H](O)CO6)O5)CC/C=C(C)/C,CC(C)=CCCC(C)(OC1OC(COC2OCC(O)C(O)C2O)C(O)C(O)C1O)C1CCC2(C)C1C(O)CC1C3(C)CCC(O)C(C)(C)C3C(O)CC12C
143,144,6'-O-Acetyl-ginsenoside Rg1,841.4954,13.52,295.41,[M−H]−,CC1(C)[C@@H](O[H])CC[C@@]2(C)C1[C@@H](O[C@H]3[C@H](O)[C@@H](O)[C@H](O)[C@@H](COC(C)=O)O3)C[C@]4(C)C2C[C@@H](O)C5[C@@]4(C)CCC5[C@@](C)(O[C@H]6[C@H](O)[C@@H](O)[C@H](O)[C@@H](CO)O6)CC/C=C(C)/C,CC(=O)OCC1OC(OC2CC3(C)C(CC(O)C4C(C(C)(CCC=C(C)C)OC5OC(CO)C(O)C(O)C5O)CCC43C)C3(C)CCC(O)C(C)(C)C23)C(O)C(O)C1O
149,150,Notoginsenoside R6,961.5402,14.4,318.86,[M−H]−,CC1(C)[C@@H](O[C@H]2[C@H](O)[C@@H](O)[C@H](O)[C@@H](CO)O2)CC[C@@]3(C)C1[C@@H](O[H])C[C@]4(C)C3C[C@@H](O)C5[C@@]4(C)CCC5[C@@](C)(O[C@H]6[C@H](O)[C@@H](O)[C@H](O)[C@@H](CO[C@H]7[C@@H](O)[C@H](O)[C@@H](O)[C@H](CO)O7)O6)CC/C=C(C)/C,CC(C)=CCCC(C)(OC1OC(COC2OC(CO)C(O)C(O)C2O)C(O)C(O)C1O)C1CCC2(C)C1C(O)CC1C3(C)CCC(OC4OC(CO)C(O)C(O)C4O)C(C)(C)C3C(O)CC12C
157,158,Ginsenoside F5,815.4789,19.87,300.05,[M−H+HCOOH]−,CC1(C)[C@@H](O[H])CC[C@@]2(C)C1[C@@H](O[H])C[C@]3(C)C2C[C@@H](O)C4[C@@]3(C)CCC4[C@@](C)(O[C@H]5[C@H](O)[C@@H](O)[C@H](O)[C@@H](CO[C@H]6[C@H](O)[C@@H](O)[C@H](CO)O6)O5)CC/C=C(C)/C,CC(C)=CCCC(C)(OC1OC(COC2OC(CO)C(O)C2O)C(O)C(O)C1O)C1CCC2(C)C1C(O)CC1C3(C)CCC(O)C(C)(C)C3C(O)CC12C
160,161,Yesanchinoside F,1195.6111,26.71,368.1,[M−H+HCOOH]−,CC1(C)[C@@H](O[H])CC[C@@]2(C)C1[C@@H](O[C@H]3[C@H](O[C@H]4[C@H](O)[C@H](O)[C@@H](O)[C@H](C)O4)[C@@H](O)[C@H](O)[C@@H](COC(C)=O)O3)C[C@]5(C)C2C[C@@H](O)C6[C@@]5(C)CCC6[C@@](C)(O[C@H]7[C@H](O)[C@@H](O)[C@H](O)[C@@H](CO[C@@H]8[C@@H](O)[C@H](O)[C@@H](O)[C@H](CO)O8)O7)CC/C=C(C)/C,CC(=O)OCC1OC(OC2CC3(C)C(CC(O)C4C(C(C)(CCC=C(C)C)OC5OC(COC6OC(CO)C(O)C(O)C6O)C(O)C(O)C5O)CCC43C)C3(C)CCC(O)C(C)(C)C23)C(OC2OC(C)C(O)C(O)C2O)C(O)C1O
161,162,Chikusetsusaponin L5,947.5205,19.44,324.4,[M−H+HCOOH]−,CC1(C)[C@@H](O[H])CC[C@@]2(C)C1[C@@H](O[H])C[C@]3(C)C2C[C@@H](O)C4[C@@]3(C)CCC4[C@@](C)(O[C@H]5[C@H](O)[C@@H](O)[C@H](O)[C@@H](CO[C@@H]6[C@@H](O)[C@H](O)[C@H](O[C@H]7[C@H](O)[C@@H](O)[C@H](O)CO7)CO6)O5)CC/C=C(C)/C,CC(C)=CCCC(C)(OC1OC(COC2OCC(OC3OCC(O)C(O)C3O)C(O)C2O)C(O)C(O)C1O)C1CCC2(C)C1C(O)CC1C3(C)CCC(O)C(C)(C)C3C(O)CC12C
173,174,20(S)-ginsenoside-Rf-1a,845.4892,23.11,307.43,[M−H+HCOOH]−,CC1(C)[C@@H](O[H])CC[C@@]2(C)C1[C@@H](O[C@H]3[C@H](O)[C@@H](O)[C@H](O[C@H]4[C@H](O)[C@@H](O)[C@H](O)[C@@H](CO)O4)[C@@H](CO)O3)C[C@]5(C)C2C[C@@H](O[H])C6[C@@]5(C)CCC6[C@@](C)(O[H])CC/C=C(C)/C,CC(C)=CCCC(C)(O)C1CCC2(C)C1C(O)CC1C3(C)CCC(O)C(C)(C)C3C(OC3OC(CO)C(OC4OC(CO)C(O)C(O)C4O)C(O)C3O)CC12C
190,191,20(S)-sanchirhinoside A5,977.5328,8.45,313.09,[M−H+HCOOH]−,CC1(C)[C@@H](O[H])CC[C@@]2(C)C1[C@@H](O[C@H]3[C@H](O[C@H]4[C@H](O)[C@@H](O)[C@H](CO)O4)[C@@H](O)[C@H](O)[C@@H](CO)O3)C[C@]5(C)C2C[C@@H](O[H])C6[C@@]5(C)CCC6[C@@](C)(O[C@H]7[C@H](O)[C@@H](O)[C@H](O)[C@@H](CO)O7)CC/C=C(C)/C,CC(C)=CCCC(C)(OC1OC(CO)C(O)C(O)C1O)C1CCC2(C)C1C(O)CC1C3(C)CCC(O)C(C)(C)C3C(OC3OC(CO)C(O)C(O)C3OC3OC(CO)C(O)C3O)CC12C
202,203,ginsenoside Rh24,961.5385,15.34,320.68,[M−H+HCOOH]−,CC1(C)[C@@H](O[H])CC[C@@]2(C)C1[C@@H](O[C@H]3[C@H](O[C@H]4[C@H](O)[C@H](O)[C@@H](O)[C@H](C)O4)[C@@H](O)[C@@H](O)CO3)C[C@]5(C)C2C[C@@H](O[H])C6[C@@]5(C)CCC6[C@@](C)(O[C@H]7[C@H](O)[C@@H](O)[C@H](O)[C@@H](CO)O7)CC/C=C(C)/C,CC(C)=CCCC(C)(OC1OC(CO)C(O)C(O)C1O)C1CCC2(C)C1C(O)CC1C3(C)CCC(O)C(C)(C)C3C(OC3OCC(O)C(O)C3OC3OC(C)C(O)C(O)C3O)CC12C
215,216,24(R)-Vinaginsenoside R1,887.5001,16.92,308.03,[M−H+HCOOH]−,O[C@H]1CC[C@@]2(C)[C@]([C@@H](O[C@H]3[C@H](O[C@H]4[C@H](O)[C@H](O)[C@@H](O)[C@H](C)O4)[C@@H](O)[C@H](O)[C@@H](COC(C)=O)O3)C[C@]5(C)C2C[C@@H](O)C6[C@@]5(C)CCC6[C@@]7(C)CCC(C(C)(O)C)O7)([H])C1(C)C,CC(=O)OCC1OC(OC2CC3(C)C(CC(O)C4C(C5(C)CCC(C(C)(C)O)O5)CCC43C)C3(C)CCC(O)C(C)(C)C23)C(OC2OC(C)C(O)C(O)C2O)C(O)C1O
216,217,24(R)-Pseudoginsenoside F11,845.4891,17.59,300.84,[M−H+HCOOH]−,O[C@H]1CC[C@@]2(C)[C@]([C@@H](O[C@H]3[C@H](O[C@H]4[C@H](O)[C@H](O)[C@@H](O)[C@H](C)O4)[C@@H](O)[C@H](O)[C@@H](CO)O3)C[C@]5(C)C2C[C@@H](O)C6[C@@]5(C)CCC6[C@@]7(C)CCC(C(C)(O)C)O7)([H])C1(C)C,CC1OC(OC2C(OC3CC4(C)C(CC(O)C5C(C6(C)CCC(C(C)(C)O)O6)CCC54C)C4(C)CCC(O)C(C)(C)C34)OC(CO)C(O)C2O)C(O)C(O)C1O
218,219,Pseudoginsenoside Rt2 (24R),831.4743,17.07,298.67,[M−H+HCOOH]−,O[C@H]1CC[C@@]2(C)[C@]([C@@H](O[C@@H]3[C@@H](O[C@@H]4[C@@H](O)[C@H](O)[C@@H](O)CO4)[C@H](O)[C@@H](O)[C@H](CO)O3)C[C@]5(C)C2C[C@@H](O)C6[C@@]5(C)CCC6[C@@]7(C)CCC(C(C)(O)C)O7)([H])C1(C)C,CC(C)(O)C1CCC(C)(C2CCC3(C)C2C(O)CC2C4(C)CCC(O)C(C)(C)C4C(OC4OC(CO)C(O)C(O)C4OC4OCC(O)C(O)C4O)CC23C)O1
220,221,Pseudoginsenoside Rt5 (24R),699.4305,17.37,276.69,[M−H+HCOOH]−,O[C@H]1CC[C@@]2(C)[C@]([C@@H](O[C@H]3[C@H](O)[C@@H](O)[C@H](O)[C@@H](CO)O3)C[C@]4(C)C2C[C@@H](O)C5[C@@]4(C)CCC5[C@@]6(C)CCC(C(C)(O)C)O6)([H])C1(C)C,CC(C)(O)C1CCC(C)(C2CCC3(C)C2C(O)CC2C4(C)CCC(O)C(C)(C)C4C(OC4OC(CO)C(O)C(O)C4O)CC23C)O1
228,229,Ginsenoside Ro,955.4902,27.96,322.39,[M−H]−,CC1(C)[C@@H](O[C@H]2[C@H](O[C@H]3[C@H](O)[C@@H](O)[C@H](O)[C@@H](CO)O3)[C@@H](O)[C@H](O)[C@@H](C(O)=O)O2)CC[C@@]4(C)C1CC[C@]5(C)C4CC=C6[C@@]5(C)CC[C@]7(C(O[C@H]8[C@H](O)[C@@H](O)[C@H](O)[C@@H](CO)O8)=O)C6CC(C)(C)CC7,CC1(C)CCC2(C(=O)OC3OC(CO)C(O)C(O)C3O)CCC3(C)C(=CCC4C5(C)CCC(OC6OC(C(=O)O)C(O)C(O)C6OC6OC(CO)C(O)C(O)C6O)C(C)(C)C5CCC43C)C2C1
235,236,Chikusetsusaponin Iva,793.4374,39.24,286.76,[M−H]−,CC1(C)[C@@H](O[C@H]2[C@H](O)[C@@H](O)[C@H](O)[C@@H](C(O)=O)O2)CC[C@@]3(C)C1CC[C@]4(C)C3CC=C5[C@@]4(C)CC[C@]6(C(O[C@H]7[C@H](O)[C@@H](O)[C@H](O)[C@@H](CO)O7)=O)C5CC(C)(C)CC6,CC1(C)CCC2(C(=O)OC3OC(CO)C(O)C(O)C3O)CCC3(C)C(=CCC4C5(C)CCC(OC6OC(C(=O)O)C(O)C(O)C6O)C(C)(C)C5CCC43C)C2C1
236,237,Pseudoginsenoside Rt1,925.4807,33.79,316.47,[M−H]−,CC1(C)[C@@H](O[C@H]2[C@H](O[C@H]3[C@H](O)[C@@H](O)[C@H](O)CO3)[C@@H](O)[C@H](O)[C@@H](C(O)=O)O2)CC[C@@]4(C)C1CC[C@]5(C)C4CC=C6[C@@]5(C)CC[C@]7(C(O[C@H]8[C@H](O)[C@@H](O)[C@H](O)[C@@H](CO)O8)=O)C6CC(C)(C)CC7,CC1(C)CCC2(C(=O)OC3OC(CO)C(O)C(O)C3O)CCC3(C)C(=CCC4C5(C)CCC(OC6OC(C(=O)O)C(O)C(O)C6OC6OCC(O)C(O)C6O)C(C)(C)C5CCC43C)C2C1
257,258,Ginsenoside Rh16,619.4224,64.22,292.57,[M−H]−,C/C(C1CC[C@@]2(C)[C@]3(C)C[C@H](O[H])C4C(C)(C)[C@@H](O[C@H]5[C@H](O)[C@@H](O)[C@H](O)[C@@H](CO)O5)CC[C@]4(C)C3C[C@@H](O)C21)=C/C/C=C(C)/C,CC(C)=CCC=C(C)C1CCC2(C)C1C(O)CC1C3(C)CCC(OC4OC(CO)C(O)C(O)C4O)C(C)(C)C3C(O)CC12C
258,259,Ginsenoside Rs4,807.4908,53.47,313.42,[M−H]−,C/C(C1CC[C@@]2(C)[C@]3(C)C[C@H](O[H])C4C(C)(C)[C@@H](O[C@H]5[C@H](O[C@H]6[C@H](O)[C@@H](O)[C@H](O)[C@@H](COC(C)=O)O6)[C@@H](O)[C@H](O)[C@@H](CO)O5)CC[C@]4(C)C3C[C@@H](O)C21)=C/C/C=C(C)/C,CC(=O)OCC1OC(OC2C(OC3CCC4(C)C(C(O)CC5(C)C4CC(O)C4C(C(C)=CCC=C(C)C)CCC45C)C3(C)C)OC(CO)C(O)C2O)C(O)C(O)C1O
261,262,Ginsenoside Rh3,649.4339,57.32,291.14,[M−H+HCOOH]−,CC1(C)[C@@H](O[C@H]2[C@H](O)[C@@H](O)[C@H](O)[C@@H](CO)O2)CC[C@@]3(C)C1C([H])C[C@]4(C)C3C[C@@H](O)C5[C@@]4(C)CCC5/C(C)=C\C/C=C(C)\C,CC(C)=CCC=C(C)C1CCC2(C)C1C(O)CC1C3(C)CCC(OC4OC(CO)C(O)C(O)C4O)C(C)(C)C3CCC12C
269,270,Floralquinquenoside B,815.4803,15.3,297.74,[M−H]−,CC1(C)[C@@H](O[H])CC[C@@]2(C)C1[C@@H](O[C@H]3[C@H](O[C@H]4[C@H](O)[C@H](O)[C@@H](O)[C@H](C)O4)[C@@H](O)[C@H](O)[C@@H](CO)O3)C[C@]5(C)C2C[C@@H](O)C6[C@@]5(C)CCC6[C@@](C)(O[H])CCC(OO)C(C)=C,C=C(C)C(CCC(C)(O)C1CCC2(C)C1C(O)CC1C3(C)CCC(O)C(C)(C)C3C(OC3OC(CO)C(O)C(O)C3OC3OC(C)C(O)C(O)C3O)CC12C)OO
272,273,Ginsenoside I (24S or 24R),977.5305,16.42,323.97,[M−H+HCOOH]−,CC1(C)[C@@H](O[C@H]2[C@H](O[C@H]3[C@H](O)[C@@H](O)[C@H](O)[C@@H](CO)O3)[C@@H](O)[C@H](O)[C@@H](CO)O2)CC[C@@]4(C)C1C([H])C[C@]5(C)C4C[C@@H](O)C6[C@@]5(C)CCC6[C@@](C)(O[C@H]7[C@H](O)[C@@H](O)[C@H](O)[C@@H](CO)O7)CCC(OO)C(C)=C,C=C(C)C(CCC(C)(OC1OC(CO)C(O)C(O)C1O)C1CCC2(C)C1C(O)CC1C3(C)CCC(OC4OC(CO)C(O)C(O)C4OC4OC(CO)C(O)C(O)C4O)C(C)(C)C3CCC12C)OO
281,282,Ginsenoside Rs5,853.4943,55.1,329.12,[M−H+HCOOH]−,CC1(C)[C@@H](O[C@H]2[C@H](O[C@H]3[C@H](O)[C@@H](O)[C@H](O)[C@@H](COC(C)=O)O3)[C@@H](O)[C@H](O)[C@@H](CO)O2)CC[C@@]4(C)C1[C@@H](O[H])C[C@]5(C)C4C[C@@H](O)C6[C@@]5(C)CCC6C(CC/C=C(C)/C)=C,C=C(CCC=C(C)C)C1CCC2(C)C1C(O)CC1C3(C)CCC(OC4OC(CO)C(O)C(O)C4OC4OC(COC(C)=O)C(O)C(O)C4O)C(C)(C)C3C(O)CC12C
283,284,Notoginsenoside T5,797.4684,45.04,297.53,[M−H+HCOOH]−,CC1(C)[C@@H](O[H])CC[C@@]2(C)C1[C@@H](O[C@H]3[C@H](O)[C@@H](O[C@H]4[C@H](O)[C@@H](O)[C@H](O)CO4)[C@H](O)[C@@H](CO)O3)C[C@]5(C)C2C[C@@H](O)C6[C@@]5(C)CCC6C(CC/C=C(C)/C)=C,C=C(CCC=C(C)C)C1CCC2(C)C1C(O)CC1C3(C)CCC(O)C(C)(C)C3C(OC3OC(CO)C(O)C(OC4OCC(O)C(O)C4O)C3O)CC12C
284,285,Ginsenoside Rg6,811.4833,45.86,298.98,[M−H+HCOOH]−,CC1(C)[C@@H](O[H])CC[C@@]2(C)C1[C@@H](O[C@H]3[C@H](O[C@H]4[C@H](O)[C@H](O)[C@@H](O)[C@H](C)O4)[C@@H](O)[C@H](O)[C@@H](CO)O3)C[C@]5(C)C2C[C@@H](O)C6[C@@]5(C)CCC6C(CC/C=C(C)\C)=C,C=C(CCC=C(C)C)C1CCC2(C)C1C(O)CC1C3(C)CCC(O)C(C)(C)C3C(OC3OC(CO)C(O)C(O)C3OC3OC(C)C(O)C(O)C3O)CC12C
287,288,Vinaginsenoside R11,831.4732,17.16,297.55,[M−H+HCOOH]−,O[C@H]1CC[C@@]2(C)C([C@@H](O[C@@H]3[C@@H](O[C@@H]4[C@@H](O)[C@H](O)[C@@H](O)CO4)[C@H](O)[C@@H](O)[C@H](CO)O3)C[C@]5(C)C2C[C@@H](O)C6[C@@]5(C)CCC6[C@]7(C)CC[C@@H](O)C(C)(C)O7)C1(C)C,CC1(C)OC(C)(C2CCC3(C)C2C(O)CC2C4(C)CCC(O)C(C)(C)C4C(OC4OC(CO)C(O)C(O)C4OC4OCC(O)C(O)C4O)CC23C)CCC1O
308,309,Quinquenoside L9,863.4991,16.17,300.16,[M−H+HCOOH]−,O[C@@H]1[C@@H](O[C@H]2[C@H](O)[C@H](O)[C@@H](O)[C@H](C)O2)[C@H](O[C@@H]3C4C(C)(C)[C@@H](O)CC[C@]4(C)C5[C@@]([C@@](CCC6[C@](O)(C)CCC(O)C(O)(C)C)(C)C6[C@H](O)C5)(C)C3)O[C@H](CO)[C@H]1O,CC1OC(OC2C(OC3CC4(C)C(CC(O)C5C(C(C)(O)CCC(O)C(C)(C)O)CCC54C)C4(C)CCC(O)C(C)(C)C34)OC(CO)C(O)C2O)C(O)C(O)C1O
309,310,Vinaginsenoside R13,1025.5571,1.61,328.61,[M−H+HCOOH]−,CC(O)(C)C(O)CC[C@](C)(O[C@H]1[C@H](O)[C@@H](O)[C@H](O)[C@@H](CO)O1)C2CC[C@@]3(C)[C@]4(C)CC([H])C5C(C)(C)[C@@H](O[C@H]6[C@H](O[C@H]7[C@H](O)[C@@H](O)[C@H](O)[C@@H](CO)O7)[C@@H](O)[C@H](O)[C@@H](CO)O6)CC[C@]5(C)C4C[C@@H](O)C32,CC(C)(O)C(O)CCC(C)(OC1OC(CO)C(O)C(O)C1O)C1CCC2(C)C1C(O)CC1C3(C)CCC(OC4OC(CO)C(O)C(O)C4OC4OC(CO)C(O)C(O)C4O)C(C)(C)C3CCC12C
316,317,Floranotoginsenoside A,1139.5831,14.9,356.51,[M−H+HCOOH]−,CC(O)(C)/C=C/C[C@](C)(O[C@H]1[C@H](O)[C@@H](O)[C@H](O)[C@@H](CO[C@H]2[C@H](O)[C@@H](O)[C@H](CO)O2)O1)C3CC[C@@]4(C)[C@]5(C)CC([H])C6C(C)(C)[C@@H](O[C@H]7[C@H](O[C@H]8[C@H](O)[C@@H](O)[C@H](O)[C@@H](CO)O8)[C@@H](O)[C@H](O)[C@@H](CO)O7)CC[C@]6(C)C5C[C@@H](O)C43,CC(C)(O)C=CCC(C)(OC1OC(COC2OC(CO)C(O)C2O)C(O)C(O)C1O)C1CCC2(C)C1C(O)CC1C3(C)CCC(OC4OC(CO)C(O)C(O)C4OC4OC(CO)C(O)C(O)C4O)C(C)(C)C3CCC12C
318,319,Yesanchinoside H,1093.5771,38.77,348.86,[M−H+HCOOH]−,CC(O)(C)/C=C/C[C@](C)(O[C@H]1[C@H](O)[C@@H](O)[C@H](O)[C@@H](CO[C@H]2[C@H](O)[C@@H](O)[C@H](O)CO2)O1)C3CC[C@@]4(C)[C@]5(C)CC([H])C6C(C)(C)[C@@H](O[C@H]7[C@H](O[C@H]8[C@H](O)[C@@H](O)[C@H](O)[C@@H](CO)O8)[C@@H](O)[C@H](O)[C@@H](CO)O7)CC[C@]6(C)C5C[C@@H](O)C43,CC(C)(O)C=CCC(C)(OC1OC(COC2OCC(O)C(O)C2O)C(O)C(O)C1O)C1CCC2(C)C1C(O)CC1C3(C)CCC(OC4OC(CO)C(O)C(O)C4OC4OC(CO)C(O)C(O)C4O)C(C)(C)C3CCC12C
322,323,Vinaginsenoside R8,1007.5412,16.01,332.68,[M−H+HCOOH]−,CC(O)(C)/C=C/C[C@](C)(O[C@H]1[C@H](O)[C@@H](O)[C@H](O)[C@@H](CO)O1)C2CC[C@@]3(C)[C@]4(C)CC([H])C5C(C)(C)[C@@H](O[C@H]6[C@H](O[C@H]7[C@H](O)[C@@H](O)[C@H](O)[C@@H](CO)O7)[C@@H](O)[C@H](O)[C@@H](CO)O6)CC[C@]5(C)C4C[C@@H](O)C32,CC(C)(O)C=CCC(C)(OC1OC(CO)C(O)C(O)C1O)C1CCC2(C)C1C(O)CC1C3(C)CCC(OC4OC(CO)C(O)C(O)C4OC4OC(CO)C(O)C(O)C4O)C(C)(C)C3CCC12C
336,337,Quinquenoside L2,1007.5422,19.13,333.51,[M−H+HCOOH]−,CC1(C)[C@@H](O[C@H]2[C@H](O[C@H]3[C@H](O)[C@@H](O)[C@H](O)[C@@H](CO)O3)[C@@H](O)[C@H](O)[C@@H](CO)O2)CC[C@@]4(C)C1C([H])C[C@]5(C)C4C[C@@H](O)C6[C@@]5(C)CCC6[C@@](CC/C=C(C)/CO)(C)O[C@H]7[C@H](O)[C@@H](O)[C@H](O)[C@@H](CO)O7,CC(=CCCC(C)(OC1OC(CO)C(O)C(O)C1O)C1CCC2(C)C1C(O)CC1C3(C)CCC(OC4OC(CO)C(O)C(O)C4OC4OC(CO)C(O)C(O)C4O)C(C)(C)C3CCC12C)CO
342,343,Quinquefoloside-Lc,1107.5929,25.28,342.97,[M−H]−,CC1(C)[C@@H](O[C@H]2[C@H](O[C@H]3[C@H](O)[C@@H](O)[C@H](O)[C@@H](CO)O3)[C@@H](O)[C@H](O)[C@@H](CO)O2)CC[C@@]4(C)C1CC[C@]5(C)C4C[C@@H](O)C6[C@@]5(C)CCC6[C@](C)(C/C=C/C(C)(OC)C)O[C@@H]7[C@@H](O)[C@H](O)[C@@H](O)[C@H](CO[C@@H]8[C@@H](O)[C@H](O)[C@@H](O)CO8)O7,COC(C)(C)C=CCC(C)(OC1OC(COC2OCC(O)C(O)C2O)C(O)C(O)C1O)C1CCC2(C)C1C(O)CC1C3(C)CCC(OC4OC(CO)C(O)C(O)C4OC4OC(CO)C(O)C(O)C4O)C(C)(C)C3CCC12C
346,347,Floralquinquenoside C,815.4789,14.84,293.59,[M−H]−,O[C@H]1CC[C@@]2(C)C([C@@H](O[C@H]3[C@H](O[C@H]4[C@H](O)[C@H](O)[C@@H](O)[C@H](C)O4)[C@@H](O)[C@H](O)[C@@H](CO)O3)C[C@]5(C)C2C[C@@H](O)C6[C@@]5(C)CCC6[C@](C)(C/C=C/C(C)(OO)C)O)C1(C)C,CC1OC(OC2C(OC3CC4(C)C(CC(O)C5C(C(C)(O)CC=CC(C)(C)OO)CCC54C)C4(C)CCC(O)C(C)(C)C34)OC(CO)C(O)C2O)C(O)C(O)C1O
355,356,Ginsenoside Rg5,811.4842,53.06,319.3,[M−H+HCOOH]−,CC1(C)[C@@H](O[C@H]2[C@H](O[C@H]3[C@H](O)[C@@H](O)[C@H](O)[C@@H](CO)O3)[C@@H](O)[C@H](O)[C@@H](CO)O2)CC[C@@]4(C)C1[C@@H](O[H])C[C@]5(C)C4C[C@@H](O)C6[C@@]5(C)CCC6/C(C)=C/C/C=C(C)/C,CC(C)=CCC=C(C)C1CCC2(C)C1C(O)CC1C3(C)CCC(OC4OC(CO)C(O)C(O)C4OC4OC(CO)C(O)C(O)C4O)C(C)(C)C3C(O)CC12C
356,357,(20E)-Ginsenoside F4,811.4838,46.46,307.7,[M−H+HCOOH]−,O[C@H]1CC[C@@]2(C)C([C@@H](O[C@H]3[C@H](O[C@H]4[C@H](O)[C@H](O)[C@@H](O)[C@H](C)O4)[C@@H](O)[C@H](O)[C@@H](CO)O3)C[C@]5(C)C2C[C@@H](O)C6[C@@]5(C)CCC6/C(C)=C/C/C=C(C)/C)C1(C)C,CC(C)=CCC=C(C)C1CCC2(C)C1C(O)CC1C3(C)CCC(O)C(C)(C)C3C(OC3OC(CO)C(O)C(O)C3OC3OC(C)C(O)C(O)C3O)CC12C
376,377,Ginsenoside Rh18,989.5317,20.75,332.19,[M−H+HCOOH]−,O[C@H]1CC[C@@]2(C)C([C@@H](O[C@H]3[C@H](O[C@H]4[C@H](O)[C@H](O)[C@@H](O)[C@H](C)O4)[C@@H](O)[C@H](O)[C@@H](CO)O3)C[C@]5(C)C2C[C@@H](O[C@H](/C=C(C)/C)C6)C7[C@@]5(C)CCC7C6(O[C@H]8[C@H](O)[C@@H](O)[C@H](O)[C@@H](CO)O8)C)C1(C)C,CC(C)=CC1CC(C)(OC2OC(CO)C(O)C(O)C2O)C2CCC3(C)C2C(CC2C4(C)CCC(O)C(C)(C)C4C(OC4OC(CO)C(O)C(O)C4OC4OC(C)C(O)C(O)C4O)CC23C)O1
435,436,notoginsenoside NL-C3,1137.5745,17.59,353.93,[M−H+HCOOH]−,CC1(C)[C@@H](O[C@H]2[C@H](O[C@H]3[C@H](O)[C@@H](O)[C@H](O)[C@@H](CO)O3)[C@@H](O)[C@H](O)[C@@H](CO)O2)CC[C@@]4(C)C1CC[C@]5(C)C4C[C@@H](O)C6[C@@]5(C)CCC6[C@@](C)(O[C@H]7[C@H](O)[C@@H](O)[C@H](O)[C@@H](CO[C@H]8[C@H](O)[C@@H](O)[C@H](O)CO8)O7)CCC(C(C)=C)=O,C=C(C)C(=O)CCC(C)(OC1OC(COC2OCC(O)C(O)C2O)C(O)C(O)C1O)C1CCC2(C)C1C(O)CC1C3(C)CCC(OC4OC(CO)C(O)C(O)C4OC4OC(CO)C(O)C(O)C4O)C(C)(C)C3CCC12C
471,472,notoginsenoside NL-B1,977.5318,18.62,331.8,[M−H+HCOOH]−,CC1(C)[C@@H](O[C@H]2[C@H](O)[C@@H](O)[C@H](O)[C@@H](CO)O2)CC[C@@]3(C)C1CC[C@]4(C)C3C[C@@H](O)C5[C@@]4(C)CCC5[C@@](C/C=C/C(C)(O)C)(C)O[C@H]6[C@H](O)[C@@H](O)[C@H](O)[C@@H](CO[C@H]7[C@H](O)[C@@H](O)[C@H](CO)O7)O6,CC(C)(O)C=CCC(C)(OC1OC(COC2OC(CO)C(O)C2O)C(O)C(O)C1O)C1CCC2(C)C1C(O)CC1C3(C)CCC(OC4OC(CO)C(O)C(O)C4O)C(C)(C)C3CCC12C
496,497,notoginsenoside NL-H1,977.5309,19.97,324.16,[M−H+HCOOH]−,CC1(C)[C@@H](O[C@H]2[C@H](O)[C@@H](O)[C@H](O)[C@@H](CO)O2)CC[C@@]3(C)C1CC[C@]4(C)C3C[C@@H](O)C5[C@@]4(C)CCC5[C@@](CC[C@H](O)C(C)=C)(C)O[C@H]6[C@H](O)[C@@H](O)[C@H](O)[C@@H](CO[C@H]7[C@H](O)[C@@H](O)[C@H](CO)O7)O6,C=C(C)C(O)CCC(C)(OC1OC(COC2OC(CO)C(O)C2O)C(O)C(O)C1O)C1CCC2(C)C1C(O)CC1C3(C)CCC(OC4OC(CO)C(O)C(O)C4O)C(C)(C)C3CCC12C
497,498,notoginsenoside NL-H2,977.5308,20.75,316.72,[M−H+HCOOH]−,CC1(C)[C@@H](O[C@H]2[C@H](O)[C@@H](O)[C@H](O)[C@@H](CO)O2)CC[C@@]3(C)C1CC[C@]4(C)C3C[C@@H](O)C5[C@@]4(C)CCC5[C@@](CC[C@H](O)C(C)=C)(C)O[C@H]6[C@H](O)[C@@H](O)[C@H](O)[C@@H](CO[C@H]7[C@H](O)[C@@H](O)[C@H](O)CO7)O6,C=C(C)C(O)CCC(C)(OC1OC(COC2OCC(O)C(O)C2O)C(O)C(O)C1O)C1CCC2(C)C1C(O)CC1C3(C)CCC(OC4OC(CO)C(O)C(O)C4O)C(C)(C)C3CCC12C
498,499,notoginsenoside NL-H3,1225.6189,14.96,358.85,[M−H]−,CC1(C)[C@@H](O[C@H]2[C@H](O[C@H]3[C@H](O[C@H]4[C@H](O)[C@@H](O)[C@H](O)CO4)[C@@H](O)[C@H](O)[C@@H](CO)O3)[C@@H](O)[C@H](O)[C@@H](CO)O2)CC[C@@]5(C)C1CC[C@]6(C)C5C[C@@H](O)C7[C@@]6(C)CCC7[C@@](CC[C@H](O)C(C)=C)(C)O[C@H]8[C@H](O)[C@@H](O)[C@H](O)[C@@H](CO[C@H]9[C@H](O)[C@@H](O)[C@H](O)CO9)O8,C=C(C)C(O)CCC(C)(OC1OC(COC2OCC(O)C(O)C2O)C(O)C(O)C1O)C1CCC2(C)C1C(O)CC1C3(C)CCC(OC4OC(CO)C(O)C(O)C4OC4OC(CO)C(O)C(O)C4OC4OCC(O)C(O)C4O)C(C)(C)C3CCC12C
501,502,Ginsenoside Rh8,681.4216,21.44,278.98,[M−H+HCOOH]−,CC1(C)[C@@H](O)CC[C@@]2(C)C1[C@@H](O)C[C@]([C@@]3(C)C4C([C@@](C)(O[C@H]5[C@H](O)[C@@H](O)[C@H](O)[C@@H](CO)O5)CC/C=C(C)\C)CC3)(C)C2CC4=O,CC(C)=CCCC(C)(OC1OC(CO)C(O)C(O)C1O)C1CCC2(C)C1C(=O)CC1C3(C)CCC(O)C(C)(C)C3C(O)CC12C
504,505,"5,6-Didehydroginsenoside Rd",943.5256,30.57,326.55,[M−H]−,CC1(C)[C@@H](O[C@H]2[C@H](O[C@H]3[C@H](O)[C@@H](O)[C@H](O)[C@@H](CO)O3)[C@@H](O)[C@H](O)[C@@H](CO)O2)CC[C@@]4(C)C1=CC[C@]5(C)C4CC(O)C6[C@@]5(C)CCC6[C@@](C)(O[C@H]7[C@H](O)[C@@H](O)[C@H](O)[C@@H](CO)O7)CC/C=C(C)\C,CC(C)=CCCC(C)(OC1OC(CO)C(O)C(O)C1O)C1CCC2(C)C1C(O)CC1C3(C)CCC(OC4OC(CO)C(O)C(O)C4OC4OC(CO)C(O)C(O)C4O)C(C)(C)C3=CCC12C
506,507,Ginsenoside Rh7,681.4214,23.78,274.31,[M−H+HCOOH]−,CC1(C)[C@@H](O)CC[C@@]2(C)C1=C[C@H](O)[C@]3(C)C2C[C@@H](O)C4[C@@]3(C)CCC4[C@@](C)(O[C@H]5[C@H](O)[C@@H](O)[C@H](O)[C@@H](CO)O5)CC/C=C(C)\C,CC(C)=CCCC(C)(OC1OC(CO)C(O)C(O)C1O)C1CCC2(C)C1C(O)CC1C3(C)CCC(O)C(C)(C)C3=CC(O)C12C
526,527,12-one-pseudoginsenoside F11,843.4724,16.36,298.71,[M−H+HCOOH]−,C[C@@]12C(C(O[H])C[C@]([C@@]3(C)C4C([C@]5(C)CC[C@H](C(C)(O)C)O5)CC3)(C)C2CC4=O)C(C)(C)[C@@H](O[C@H]6[C@H](O[C@H]7[C@H](O)[C@H](O)[C@@H](O)[C@H](C)O7)[C@@H](O)[C@H](O)[C@@H](CO)O6)CC1,CC1OC(OC2C(OC3CCC4(C)C(C(O)CC5(C)C4CC(=O)C4C(C6(C)CCC(C(C)(C)O)O6)CCC45C)C3(C)C)OC(CO)C(O)C2O)C(O)C(O)C1O
569,570,20(S)-protopanaxtriol,521.3857,49.67,228.62,[M−H+HCOOH]−,O[C@H]1CC[C@@]2(C)C([C@@H](O)C[C@]3(C)C2C[C@@H](O)C4[C@@]3(C)CCC4[C@@](CC/C=C(C)/C)(C)O)C1(C)C,CC(C)=CCCC(C)(O)C1CCC2(C)C1C(O)CC1C3(C)CCC(O)C(C)(C)C3C(O)CC12C
581,582,3β-acetoxyl ginsenoside F1,725.4475,48.68,286.08,[M−H+HCOOH]−,CC1(C)[C@@H](OC(C)=O)CC[C@@]2(C)C1[C@@H](O)C[C@]3(C)C2C[C@@H](O)C4[C@@]3(C)CCC4[C@@](CC/C=C(C)/C)(C)O[C@H]5[C@H](O)[C@@H](O)[C@H](O)[C@@H](CO)O5,CC(=O)OC1CCC2(C)C(C(O)CC3(C)C2CC(O)C2C(C(C)(CCC=C(C)C)OC4OC(CO)C(O)C(O)C4O)CCC23C)C1(C)C
602,603,Chikusetsusaponin IV,925.4798,33.11,322.97,[M−H]−,C[C@@]12[C@](CC[C@]3(C)[C@]2([H])CC=C4[C@@]3(C)CC[C@]5(C(O[C@H]6[C@H](O)[C@@H](O)[C@H](O)[C@@H](CO)O6)=O)[C@@]4([H])CC(C)(C)CC5)([H])C(C)(C)[C@@H](O[C@H]7[C@H](O)[C@@H](O)[C@H](O[C@@H]8[C@@H](O)[C@H](O)[C@@H](CO)O8)[C@@H](C(O[H])=O)O7)CC1,CC1(C)CCC2(C(=O)OC3OC(CO)C(O)C(O)C3O)CCC3(C)C(=CCC4C5(C)CCC(OC6OC(C(=O)O)C(OC7OC(CO)C(O)C7O)C(O)C6O)C(C)(C)C5CCC43C)C2C1
634,635,Ginsenoside Mc,799.4855,50.49,302.62,[M−H+HCOOH]−,O[C@H]1CC[C@@]2(C)C(CC[C@]3(C)C2C[C@@H](O)C4[C@@]3(C)CCC4[C@@](CC/C=C(C)/C)(O[C@H]5[C@H](O)[C@@H](O)[C@H](O)[C@@H](CO[C@@H]6[C@@H](O)[C@H](O)[C@@H](CO)O6)O5)C)C1(C)C,CC(C)=CCCC(C)(OC1OC(COC2OC(CO)C(O)C2O)C(O)C(O)C1O)C1CCC2(C)C1C(O)CC1C3(C)CCC(O)C(C)(C)C3CCC12C
636,637,Ginsenoside Ra0,1315.6538,18.47,363.43,[M−H+HCOOH]−,C[C@@]12[C@](CC[C@]3(C)[C@]2([H])C[C@@H](O)[C@@]4([H])[C@@]3(C)CC[C@@H]4C(C)(O[C@H]5[C@H](O)[C@@H](O)[C@H](O)[C@@H](CO[C@@H]6[C@@H](O)[C@H](O)[C@@H](O)[C@H](CO)O6)O5)CC/C=C(C)/C)([H])C(C)(C)[C@@H](O[C@H]7[C@H](O[C@H]8[C@H](O[C@H]9[C@H](O)[C@@H](O)[C@H](O)[C@@H](CO)O9)[C@@H](O)[C@H](O)[C@@H](CO)O8)[C@@H](O)[C@H](O)[C@@H](CO)O7)CC1,CC(C)=CCCC(C)(OC1OC(COC2OC(CO)C(O)C(O)C2O)C(O)C(O)C1O)C1CCC2(C)C1C(O)CC1C3(C)CCC(OC4OC(CO)C(O)C(O)C4OC4OC(CO)C(O)C(O)C4OC4OC(CO)C(O)C(O)C4O)C(C)(C)C3CCC12C
638,639,Ginsenoside Rg10,827.4807,43.74,310.43,[M−H+HCOOH]−,O[C@H]1CC[C@@]2(C)C([C@@H](O[C@H]3[C@H](O)[C@@H](O)[C@H](O)[C@@H](CO[C@H]4[C@@H](O)[C@@H](O)[C@H](O)[C@@H](CO)O4)O3)C[C@]5(C)C2C[C@@H](O)C6[C@@]5(C)CCC6C(CC/C=C(C)/C)=C)C1(C)C,C=C(CCC=C(C)C)C1CCC2(C)C1C(O)CC1C3(C)CCC(O)C(C)(C)C3C(OC3OC(COC4OC(CO)C(O)C(O)C4O)C(O)C(O)C3O)CC12C
745,746,Zingibroside R1,793.4374,49.6,306.03,[M−H]−,CC1(C)[C@@H](O[C@H]2[C@H](O[C@H]3[C@H](O)[C@@H](O)[C@H](O)[C@@H](CO)O3)[C@@H](O)[C@H](O)[C@@H](C(O)=O)O2)CC[C@@]4(C)C1CC[C@]5(C)[C@]4([H])CC=C6[C@@]5(C)CC[C@]7(C(O)=O)C6CC(C)(C)CC7,CC1(C)CCC2(C(=O)O)CCC3(C)C(=CCC4C5(C)CCC(OC6OC(C(=O)O)C(O)C(O)C6OC6OC(CO)C(O)C(O)C6O)C(C)(C)C5CCC43C)C2C1
